{"round":5,"client_4_local_loss":3.9417284149484537,"avg_loss_across_clients":4.027313801586269,"_timestamp":1.7424144115875244e+09,"_wandb":{"runtime":557},"client_1_local_loss":3.9586736505681817,"client_0_local_loss":3.9027292351973686,"_runtime":537.994468178,"client_2_local_loss":4.3703125,"client_3_local_loss":3.9566915760869565,"test_accuracy_client_0":42.14912280701754,"_step":37}