{"avg_loss_across_clients":0.7786663899592131,"test_accuracy_client_0":66.40350877192982,"round":4,"client_1_local_loss":0.5215388706752232,"_step":33,"client_2_local_loss":0.82874755859375,"_runtime":7990.474063643,"client_0_local_loss":0.5546397158974096,"_timestamp":1.7412866084023058e+09,"client_4_local_loss":0.8586808874251994,"client_3_local_loss":1.1297249172044836,"_wandb":{"runtime":7993}}