{"_timestamp":1.7423676093433514e+09,"_runtime":208.304105274,"_step":1,"client_1_local_loss":3.834206321022727,"_wandb":{"runtime":209},"round":0,"client_0_local_loss":3.859940378289474}