{"client_1_local_loss":0.24092955816359746,"round":29,"_timestamp":1.7412989796684756e+09,"client_0_local_loss":0.36253055773283305,"avg_loss_across_clients":0.5098143902829968,"client_2_local_loss":0.611724853515625,"test_accuracy_client_0":74.10087719298245,"_wandb":{"runtime":35519},"_runtime":35511.46568008,"_step":209,"client_3_local_loss":0.6783372630243716,"client_4_local_loss":0.6555497189785572}