{"_step":33,"test_accuracy_client_0":66.40350877192982,"avg_loss_across_clients":0.7786663899592131,"_timestamp":1.741451109608214e+09,"client_1_local_loss":0.5215388706752232,"client_2_local_loss":0.82874755859375,"client_0_local_loss":0.5546397158974096,"client_4_local_loss":0.8586808874251994,"_wandb":{"runtime":4255},"_runtime":4254.652882183,"client_3_local_loss":1.1297249172044836,"round":4}