{"round":0,"client_0_local_loss":1.1004951878597862,"client_1_local_loss":1.0819469633556547,"_wandb":{"runtime":333},"_timestamp":1.7412632218363018e+09,"_runtime":325.622896299,"_step":1}