{"client_1_local_loss":0.48813447498139884,"_runtime":13977.547952603,"client_3_local_loss":0.8567673703457447,"_step":32,"round":4,"client_2_local_loss":1.0798280135444973,"avg_loss_across_clients":0.7503230094084941,"test_accuracy_client_0":64.3092105263158,"_timestamp":1.7423740830161486e+09,"eurosat_test_accuracy":9.123456790123457,"_wandb":{"runtime":13979},"client_0_local_loss":0.5765621787623355}