{"round":2,"test_accuracy_client_0":47.96052631578947,"client_0_local_loss":3.9142166940789473,"_step":17,"client_4_local_loss":3.919116462628866,"_timestamp":1.7423695992345493e+09,"client_2_local_loss":4.2966796875,"client_3_local_loss":3.895125679347826,"_runtime":209.405886175,"client_1_local_loss":3.8473011363636362,"avg_loss_across_clients":3.9712754253203952,"_wandb":{"runtime":221}}