{"_step":49,"_timestamp":1.7424172184895344e+09,"round":7,"test_accuracy_client_0":42.30263157894737,"client_1_local_loss":3.5457821800595237,"_wandb":{"runtime":2865},"_runtime":2836.362471935,"client_2_local_loss":3.803647248641304,"avg_loss_across_clients":3.6485665968999763,"client_0_local_loss":3.5224480879934212,"client_3_local_loss":3.625477892287234,"eurosat_test_accuracy":12.296296296296296}