{"_wandb":{"runtime":26957},"client_2_local_loss":0.606829833984375,"test_accuracy_client_0":80.0109649122807,"avg_loss_across_clients":0.5002252136468415,"client_4_local_loss":0.5426585420649103,"round":29,"_timestamp":1.7414789437507052e+09,"_runtime":26949.287485851,"client_0_local_loss":0.27936363220214844,"_step":209,"client_3_local_loss":0.7063781074855638,"client_1_local_loss":0.3658959524972098}