{"_wandb":{"runtime":2417},"test_accuracy_client_0":47.521929824561404,"client_1_local_loss":3.775168678977273,"_timestamp":1.7423721193588183e+09,"client_3_local_loss":3.7853685461956523,"client_0_local_loss":3.7462736430921053,"avg_loss_across_clients":3.8737731755859954,"_runtime":2416.089085334,"round":4,"client_4_local_loss":3.7970159471649483,"_step":33,"client_2_local_loss":4.2650390625}