{"round":0,"client_0_local_loss":3.9376541940789473,"_timestamp":1.7423687098025272e+09,"_runtime":68.110222908,"client_1_local_loss":3.8668323863636362,"_wandb":{"runtime":69},"_step":1}