{"test_accuracy_client_0":44.83552631578947,"avg_loss_across_clients":4.349444921851452,"client_1_local_loss":4.047828311011905,"_wandb":{"runtime":379},"round":3,"client_3_local_loss":4.380434782608695,"client_4_local_loss":4.23160114694149,"_step":23,"client_0_local_loss":4.070852179276316,"client_2_local_loss":4.72109375,"_runtime":359.603500437,"_timestamp":1.7414519071370814e+09}